Date,PDH,PDL,CE_Strike,PE_Strike,CE_Entry,PE_Entry,CE_Exit,PE_Exit,CE_SL_Hit,PE_SL_Hit,CE_PnL,PE_PnL,Total_PnL,Expiry
2023-01-03,18215.15,18086.5,18250,18050,74.3,16.45,74.3,26.32,False,True,0.0,-740.25,-740.25,2023-01-05
2023-01-04,18251.95,18149.8,18300,18100,6.55,84.5,10.48,84.5,True,False,-294.75,0.0,-294.75,2023-01-05
2023-01-05,18243.0,18020.6,18250,18000,0.15,12.15,0.24,19.44,True,True,-6.75,-546.75,-553.5,2023-01-05
2023-01-06,18120.3,17892.6,18150,17850,26.2,92.5,41.92,92.5,True,False,-1179.0,0.0,-1179.0,2023-01-12
2023-01-09,18047.4,17795.55,18050,17750,115.75,8.05,115.75,12.88,False,True,0.0,-362.25,-362.25,2023-01-12
2023-01-10,18141.4,17936.15,18150,17900,18.3,66.55,29.28,66.55,True,False,-823.5,0.0,-823.5,2023-01-12
2023-01-11,18127.6,17856.0,18150,17850,5.8,37.9,9.28,60.64,True,True,-261.0,-1705.5,-1966.5,2023-01-12
2023-01-12,17976.35,17824.35,18000,17800,0.2,0.85,0.32,1.36,True,True,-9.0,-38.25,-47.25,2023-01-12
2023-01-13,17945.8,17761.65,17950,17750,125.7,36.6,125.7,58.56,False,True,0.0,-1647.0,-1647.0,2023-01-19
2023-01-16,17999.35,17774.25,18000,17750,55.75,36.3,89.2,36.3,True,False,-2508.75,0.0,-2508.75,2023-01-19
2023-01-17,18049.65,17853.65,18050,17850,73.65,17.15,73.65,27.44,False,True,0.0,-771.75,-771.75,2023-01-19
2023-01-18,18072.05,17886.95,18100,17850,91.2,4.0,91.2,6.4,False,True,0.0,-180.0,-180.0,2023-01-19
2023-01-19,18183.75,18032.45,18200,18000,0.2,0.25,0.32,0.4,True,True,-9.0,-11.25,-20.25,2023-01-19
2023-01-20,18155.2,18063.75,18200,18050,35.9,89.9,57.44,89.9,True,False,-1615.5,0.0,-1615.5,2023-01-25
2023-01-23,18145.45,18016.2,18150,18000,62.0,18.65,62.0,29.84,False,True,0.0,-839.25,-839.25,2023-01-25
2023-01-24,18162.6,18063.45,18200,18050,18.1,18.3,28.96,29.28,True,True,-814.5,-823.5,-1638.0,2023-01-25
2023-01-25,18201.25,18078.65,18250,18050,0.15,162.7,0.24,162.7,True,False,-6.75,0.0,-6.75,2023-01-25
2023-01-27,18100.6,17846.15,18150,17800,25.85,278.05,41.36,278.05,True,False,-1163.25,0.0,-1163.25,2023-02-02
2023-01-30,17884.75,17493.55,17900,17450,66.9,76.65,107.04,122.64,True,True,-3010.5,-3449.25,-6459.75,2023-02-02
2023-01-31,17709.15,17405.55,17750,17400,132.35,43.0,132.35,68.8,False,True,0.0,-1935.0,-1935.0,2023-02-02
2023-02-01,17735.7,17537.55,17750,17500,40.0,43.6,64.0,69.76,True,True,-1800.0,-1962.0,-3762.0,2023-02-02
2023-02-02,17972.2,17353.4,18000,17350,0.1,0.2,0.16,0.32,True,True,-4.5,-9.0,-13.5,2023-02-02
2023-02-03,17653.9,17445.95,17700,17400,218.7,20.45,218.7,32.72,False,True,0.0,-920.25,-920.25,2023-02-09
2023-02-06,17870.3,17584.2,17900,17550,46.65,33.4,74.64,53.44,True,True,-2099.25,-1503.0,-3602.25,2023-02-09
2023-02-07,17823.7,17698.35,17850,17650,39.45,47.5,63.12,76.0,True,True,-1775.25,-2137.5,-3912.75,2023-02-09
2023-02-08,17811.15,17652.55,17850,17650,70.1,8.25,70.1,13.2,False,True,0.0,-371.25,-371.25,2023-02-09
2023-02-09,17898.7,17744.15,17900,17700,1.8,0.1,2.88,0.16,True,True,-81.0,-4.5,-85.5,2023-02-09
2023-02-10,17916.9,17779.8,17950,17750,54.45,50.3,87.12,80.48,True,True,-2450.25,-2263.5,-4713.75,2023-02-16
2023-02-13,17876.95,17801.0,17900,17800,39.75,93.15,63.6,93.15,True,False,-1788.75,0.0,-1788.75,2023-02-16
2023-02-14,17880.7,17719.75,17900,17700,87.7,14.45,87.7,23.12,False,True,0.0,-650.25,-650.25,2023-02-16
2023-02-15,17954.55,17800.05,18000,17800,51.75,6.7,51.75,10.72,False,True,0.0,-301.5,-301.5,2023-02-16
2023-02-16,18034.1,17853.8,18050,17850,6.5,0.15,10.4,0.24,True,True,-292.5,-6.75,-299.25,2023-02-16
2023-02-17,18134.75,18000.65,18150,18000,27.45,123.05,43.92,123.05,True,False,-1235.25,0.0,-1235.25,2023-02-23
2023-02-20,18034.25,17884.6,18050,17850,26.75,80.1,42.8,80.1,True,False,-1203.75,0.0,-1203.75,2023-02-23
2023-02-21,18004.35,17818.4,18050,17800,11.7,50.25,18.72,50.25,True,False,-526.5,0.0,-526.5,2023-02-23
2023-02-22,17924.9,17800.3,17950,17800,3.55,241.0,5.68,241.0,True,False,-159.75,0.0,-159.75,2023-02-23
2023-02-23,17772.5,17529.45,17800,17500,0.15,3.35,0.24,5.36,True,True,-6.75,-150.75,-157.5,2023-02-23
2023-02-24,17620.05,17455.4,17650,17450,39.25,86.55,62.8,86.55,True,False,-1766.25,0.0,-1766.25,2023-03-02
2023-02-27,17599.75,17421.8,17600,17400,23.85,77.75,38.16,124.4,True,True,-1073.25,-3498.75,-4572.0,2023-03-02
2023-02-28,17451.6,17299.0,17500,17250,17.15,40.0,27.44,64.0,True,True,-771.75,-1800.0,-2571.75,2023-03-02
2023-03-01,17440.45,17255.2,17450,17250,50.55,4.45,50.55,7.12,False,True,0.0,-200.25,-200.25,2023-03-02
2023-03-02,17467.75,17345.25,17500,17300,0.15,0.85,0.24,1.36,True,True,-6.75,-38.25,-45.0,2023-03-02
2023-03-03,17445.8,17306.0,17450,17300,187.1,13.05,187.1,20.88,False,True,0.0,-587.25,-587.25,2023-03-09
2023-03-06,17644.75,17427.7,17650,17400,97.9,5.65,156.64,9.04,True,True,-4405.5,-254.25,-4659.75,2023-03-09
2023-03-08,17799.95,17671.95,17800,17650,20.5,15.4,20.5,24.64,False,True,0.0,-693.0,-693.0,2023-03-09
2023-03-09,17766.5,17602.25,17800,17600,0.1,5.6,0.16,8.96,True,True,-4.5,-252.0,-256.5,2023-03-09
2023-03-10,17772.35,17573.6,17800,17550,8.05,177.7,12.88,177.7,True,False,-362.25,0.0,-362.25,2023-03-16
2023-03-13,17451.5,17324.35,17500,17300,19.65,195.15,31.44,195.15,True,False,-884.25,0.0,-884.25,2023-03-16
2023-03-14,17529.9,17113.45,17550,17100,5.1,108.9,8.16,108.9,True,False,-229.5,0.0,-229.5,2023-03-16
2023-03-15,17224.65,16987.1,17250,16950,6.3,50.45,10.08,50.45,True,False,-283.5,0.0,-283.5,2023-03-16
2023-03-16,17211.35,16938.9,17250,16900,0.1,0.5,0.16,0.8,True,True,-4.5,-22.5,-27.0,2023-03-16
2023-03-17,17062.45,16850.15,17100,16850,135.7,33.5,135.7,53.6,False,True,0.0,-1507.5,-1507.5,2023-03-23
2023-03-20,17145.8,16958.15,17150,16950,46.15,91.45,73.84,146.32,True,True,-2076.75,-4115.25,-6192.0,2023-03-23
2023-03-21,17066.6,16828.35,17100,16800,98.0,13.4,98.0,21.44,False,True,0.0,-603.0,-603.0,2023-03-23
2023-03-22,17127.7,17016.0,17150,17000,73.35,24.2,73.35,38.72,False,True,0.0,-1089.0,-1089.0,2023-03-23
2023-03-23,17207.25,17107.85,17250,17100,0.15,20.1,0.24,32.16,True,True,-6.75,-904.5,-911.25,2023-03-23
2023-03-24,17205.4,17045.3,17250,17000,18.75,130.75,30.0,130.75,True,False,-843.75,0.0,-843.75,2023-03-29
2023-03-27,17109.45,16917.35,17150,16900,31.95,39.5,51.12,63.2,True,True,-1437.75,-1777.5,-3215.25,2023-03-29
2023-03-28,17091.0,16918.55,17100,16900,12.85,30.9,20.56,49.44,True,True,-578.25,-1390.5,-1968.75,2023-03-29
2023-03-29,17061.75,16913.75,17100,16900,0.95,0.25,1.52,0.4,True,True,-42.75,-11.25,-54.0,2023-03-29
2023-03-31,17126.15,16940.6,17150,16900,245.95,12.2,245.95,19.52,False,True,0.0,-549.0,-549.0,2023-04-06
2023-04-03,17381.6,17204.65,17400,17200,69.5,15.7,69.5,25.12,False,True,0.0,-706.5,-706.5,2023-04-06
2023-04-05,17428.05,17312.75,17450,17300,113.95,4.6,113.95,7.36,False,True,0.0,-207.0,-207.0,2023-04-06
2023-04-06,17570.55,17402.7,17600,17400,3.75,0.15,6.0,0.24,True,True,-168.75,-6.75,-175.5,2023-04-06
2023-04-10,17638.7,17502.85,17650,17500,59.45,24.45,95.12,39.12,True,True,-2675.25,-1100.25,-3775.5,2023-04-13
2023-04-11,17694.1,17597.95,17700,17550,70.4,8.5,70.4,13.6,False,True,0.0,-382.5,-382.5,2023-04-13
2023-04-12,17748.75,17655.15,17750,17650,78.6,7.65,78.6,12.24,False,True,0.0,-344.25,-344.25,2023-04-13
2023-04-13,17825.75,17717.25,17850,17700,0.45,0.2,0.72,0.32,True,True,-20.25,-9.0,-29.25,2023-04-13
2023-04-17,17842.15,17729.65,17850,17700,22.55,59.65,36.08,95.44,True,True,-1014.75,-2684.25,-3699.0,2023-04-20
2023-04-18,17863.0,17574.05,17900,17550,4.65,15.8,7.44,25.28,True,True,-209.25,-711.0,-920.25,2023-04-20
2023-04-19,17766.6,17610.2,17800,17600,3.2,33.35,5.12,53.36,True,True,-144.0,-1500.75,-1644.75,2023-04-20
2023-04-20,17666.15,17579.85,17700,17550,0.15,0.2,0.24,0.32,True,True,-6.75,-9.0,-15.75,2023-04-20
2023-04-21,17684.45,17584.35,17700,17550,54.75,39.2,54.75,62.72,False,True,0.0,-1764.0,-1764.0,2023-04-27
2023-04-24,17663.2,17553.95,17700,17550,97.55,12.2,97.55,19.52,False,True,0.0,-549.0,-549.0,2023-04-27
2023-04-25,17754.5,17612.5,17800,17600,40.05,8.3,40.05,13.28,False,True,0.0,-373.5,-373.5,2023-04-27
2023-04-26,17807.45,17716.85,17850,17700,23.15,8.5,23.15,13.6,False,True,0.0,-382.5,-382.5,2023-04-27
2023-04-27,17827.75,17711.2,17850,17700,54.65,0.15,54.65,0.24,False,True,0.0,-6.75,-6.75,2023-04-27
2023-04-28,17931.6,17797.9,17950,17750,137.15,8.95,137.15,14.32,False,True,0.0,-402.75,-402.75,2023-05-04
2023-05-02,18089.15,17885.3,18100,17850,95.3,4.55,95.3,7.28,False,True,0.0,-204.75,-204.75,2023-05-04
2023-05-03,18180.25,18101.75,18200,18100,12.0,51.75,19.2,82.8,True,True,-540.0,-2328.75,-2868.75,2023-05-04
2023-05-04,18116.35,18042.4,18150,18000,101.85,0.15,101.85,0.24,False,True,0.0,-6.75,-6.75,2023-05-04
2023-05-05,18267.45,18066.7,18300,18050,21.35,68.45,34.16,68.45,True,False,-960.75,0.0,-960.75,2023-05-11
2023-05-08,18216.95,18055.45,18250,18050,85.6,14.25,85.6,22.8,False,True,0.0,-641.25,-641.25,2023-05-11
2023-05-09,18286.95,18100.3,18300,18100,48.4,12.15,77.44,19.44,True,True,-2178.0,-546.75,-2724.75,2023-05-11
2023-05-10,18344.2,18229.65,18350,18200,32.75,13.65,32.75,21.84,False,True,0.0,-614.25,-614.25,2023-05-11
2023-05-11,18326.75,18211.95,18350,18200,0.3,0.25,0.48,0.4,True,True,-13.5,-11.25,-24.75,2023-05-11
2023-05-12,18389.7,18270.4,18400,18250,50.55,60.9,50.55,97.44,False,True,0.0,-2740.5,-2740.5,2023-05-18
2023-05-15,18342.75,18194.55,18350,18150,104.9,15.45,104.9,24.72,False,True,0.0,-695.25,-695.25,2023-05-18
2023-05-16,18458.9,18287.9,18500,18250,9.0,39.75,14.4,39.75,True,False,-405.0,0.0,-405.0,2023-05-18
2023-05-17,18432.35,18264.35,18450,18250,2.45,79.7,3.92,127.52,True,True,-110.25,-3586.5,-3696.75,2023-05-18
2023-05-18,18309.0,18115.35,18350,18100,0.15,1.1,0.24,1.76,True,True,-6.75,-49.5,-56.25,2023-05-18
2023-05-19,18297.2,18104.85,18300,18100,47.55,38.7,47.55,61.92,False,True,0.0,-1741.5,-1741.5,2023-05-25
2023-05-22,18218.1,18060.4,18250,18050,121.7,11.15,121.7,17.84,False,True,0.0,-501.75,-501.75,2023-05-25
2023-05-23,18335.25,18178.85,18350,18150,63.65,9.1,101.84,14.56,True,True,-2864.25,-409.5,-3273.75,2023-05-25
2023-05-24,18419.75,18324.2,18450,18300,3.7,45.15,5.92,45.15,True,False,-166.5,0.0,-166.5,2023-05-25
2023-05-25,18392.6,18262.95,18400,18250,0.25,0.55,0.4,0.88,True,True,-11.25,-24.75,-36.0,2023-05-25
2023-05-26,18338.1,18202.4,18350,18200,193.45,18.05,193.45,28.88,False,True,0.0,-812.25,-812.25,2023-06-01
2023-05-29,18508.55,18333.15,18550,18300,108.9,11.8,108.9,18.88,False,True,0.0,-531.0,-531.0,2023-06-01
2023-05-30,18641.2,18581.25,18650,18550,52.85,26.25,52.85,42.0,False,True,0.0,-1181.25,-1181.25,2023-06-01
2023-05-31,18662.45,18575.5,18700,18550,5.25,46.4,8.4,74.24,True,True,-236.25,-2088.0,-2324.25,2023-06-01
2023-06-01,18603.9,18483.85,18650,18450,0.2,0.35,0.32,0.56,True,True,-9.0,-15.75,-24.75,2023-06-01
2023-06-02,18580.3,18464.55,18600,18450,69.65,38.85,69.65,62.16,False,True,0.0,-1748.25,-1748.25,2023-06-08
2023-06-05,18573.7,18478.4,18600,18450,81.0,17.75,81.0,17.75,False,False,0.0,0.0,0.0,2023-06-08
2023-06-06,18640.15,18582.8,18650,18550,33.1,31.5,52.96,50.4,True,True,-1489.5,-1417.5,-2907.0,2023-06-08
2023-06-07,18622.75,18531.6,18650,18500,93.7,4.65,93.7,7.44,False,True,0.0,-209.25,-209.25,2023-06-08
2023-06-08,18738.95,18636.0,18750,18600,0.2,0.65,0.32,1.04,True,True,-9.0,-29.25,-38.25,2023-06-08
2023-06-09,18777.9,18615.6,18800,18600,17.75,86.15,28.4,86.15,True,False,-798.75,0.0,-798.75,2023-06-15
2023-06-12,18676.65,18555.4,18700,18550,40.5,36.55,40.5,58.48,False,True,0.0,-1644.75,-1644.75,2023-06-15
2023-06-13,18633.6,18559.75,18650,18550,102.1,10.95,102.1,17.52,False,True,0.0,-492.75,-492.75,2023-06-15
2023-06-14,18728.9,18631.8,18750,18600,49.8,7.1,49.8,11.36,False,True,0.0,-319.5,-319.5,2023-06-15
2023-06-15,18769.7,18690.0,18800,18650,0.2,0.95,0.32,1.52,True,True,-9.0,-42.75,-51.75,2023-06-15
2023-06-16,18794.1,18669.05,18800,18650,114.4,21.5,114.4,34.4,False,True,0.0,-967.5,-967.5,2023-06-22
2023-06-19,18864.7,18710.5,18900,18700,27.6,29.7,44.16,47.52,True,True,-1242.0,-1336.5,-2578.5,2023-06-22
2023-06-20,18881.45,18719.15,18900,18700,22.6,16.75,22.6,26.8,False,True,0.0,-753.75,-753.75,2023-06-22
2023-06-21,18839.7,18660.65,18850,18650,46.25,3.6,46.25,5.76,False,True,0.0,-162.0,-162.0,2023-06-22
2023-06-22,18875.9,18794.85,18900,18750,0.2,1.5,0.32,2.4,True,True,-9.0,-67.5,-76.5,2023-06-22
2023-06-23,18886.6,18759.5,18900,18750,17.25,101.4,27.6,101.4,True,False,-776.25,0.0,-776.25,2023-06-29
2023-06-26,18756.4,18647.1,18800,18600,29.95,26.0,29.95,41.6,False,True,0.0,-1170.0,-1170.0,2023-06-29
2023-06-27,18722.05,18646.7,18750,18600,77.25,3.85,77.25,6.16,False,True,0.0,-173.25,-173.25,2023-06-29
2023-06-28,18829.25,18714.25,18850,18700,111.7,0.15,111.7,0.24,False,True,0.0,-6.75,-6.75,2023-06-28
2023-06-30,19011.25,18861.35,19050,18850,171.95,14.8,171.95,23.68,False,True,0.0,-666.0,-666.0,2023-07-06
2023-07-03,19201.7,19024.6,19250,19000,118.3,14.45,118.3,23.12,False,True,0.0,-650.25,-650.25,2023-07-06
2023-07-04,19345.1,19234.4,19350,19200,80.5,14.45,80.5,23.12,False,True,0.0,-650.25,-650.25,2023-07-06
2023-07-05,19434.15,19300.0,19450,19300,26.6,17.95,42.56,28.72,True,True,-1197.0,-807.75,-2004.75,2023-07-06
2023-07-06,19421.6,19339.6,19450,19300,46.25,0.2,46.25,0.32,False,True,0.0,-9.0,-9.0,2023-07-06
2023-07-07,19512.2,19373.0,19550,19350,25.65,88.65,41.04,88.65,True,False,-1154.25,0.0,-1154.25,2023-07-13
2023-07-10,19523.6,19303.6,19550,19300,15.8,47.25,25.28,47.25,True,False,-711.0,0.0,-711.0,2023-07-13
2023-07-11,19435.85,19327.1,19450,19300,57.85,11.3,92.56,18.08,True,True,-2603.25,-508.5,-3111.75,2023-07-13
2023-07-12,19515.1,19406.45,19550,19400,8.5,42.05,13.6,42.05,True,False,-382.5,0.0,-382.5,2023-07-13
2023-07-13,19507.7,19361.75,19550,19350,0.25,0.65,0.4,1.04,True,True,-11.25,-29.25,-40.5,2023-07-13
2023-07-14,19567.0,19385.8,19600,19350,67.45,23.9,67.45,38.24,False,True,0.0,-1075.5,-1075.5,2023-07-20
2023-07-17,19595.35,19433.5,19600,19400,142.85,17.25,142.85,27.6,False,True,0.0,-776.25,-776.25,2023-07-20
2023-07-18,19731.85,19562.95,19750,19550,71.2,16.45,113.92,26.32,True,True,-3204.0,-740.25,-3944.25,2023-07-20
2023-07-19,19819.45,19690.2,19850,19650,39.15,8.5,39.15,13.6,False,True,0.0,-382.5,-382.5,2023-07-20
2023-07-20,19851.7,19727.45,19900,19700,79.9,0.25,79.9,0.4,False,True,0.0,-11.25,-11.25,2023-07-20
2023-07-21,19991.85,19758.4,20000,19750,34.4,98.7,55.04,98.7,True,False,-1548.0,0.0,-1548.0,2023-07-27
2023-07-24,19887.4,19700.0,19900,19700,23.5,92.75,37.6,92.75,True,False,-1057.5,0.0,-1057.5,2023-07-27
2023-07-25,19782.75,19658.3,19800,19650,28.95,50.05,46.32,80.08,True,True,-1302.75,-2252.25,-3555.0,2023-07-27
2023-07-26,19729.35,19615.95,19750,19600,67.2,7.75,67.2,12.4,False,True,0.0,-348.75,-348.75,2023-07-27
2023-07-27,19825.6,19716.7,19850,19700,0.25,54.75,0.4,87.6,True,True,-11.25,-2463.75,-2475.0,2023-07-27
2023-07-28,19867.55,19603.55,19900,19600,22.2,65.85,35.52,105.36,True,True,-999.0,-2963.25,-3962.25,2023-08-03
2023-07-31,19695.9,19563.1,19700,19550,111.75,17.75,111.75,28.4,False,True,0.0,-798.75,-798.75,2023-08-03
2023-08-01,19772.75,19597.6,19800,19550,36.35,12.35,58.16,19.76,True,True,-1635.75,-555.75,-2191.5,2023-08-03
2023-08-02,19795.6,19704.6,19800,19700,3.5,190.1,5.6,190.1,True,False,-157.5,0.0,-157.5,2023-08-03
2023-08-03,19678.25,19423.55,19700,19400,0.15,28.75,0.24,46.0,True,True,-6.75,-1293.75,-1300.5,2023-08-03
2023-08-04,19537.65,19296.45,19550,19250,79.15,16.9,79.15,27.04,False,True,0.0,-760.5,-760.5,2023-08-10
2023-08-07,19538.85,19436.45,19550,19400,108.7,18.05,108.7,28.88,False,True,0.0,-812.25,-812.25,2023-08-10
2023-08-08,19620.45,19524.8,19650,19500,28.9,37.4,46.24,37.4,True,False,-1300.5,0.0,-1300.5,2023-08-10
2023-08-09,19634.4,19533.1,19650,19500,40.4,11.5,40.4,18.4,False,True,0.0,-517.5,-517.5,2023-08-10
2023-08-10,19645.5,19467.5,19650,19450,0.2,0.25,0.32,0.4,True,True,-9.0,-11.25,-20.25,2023-08-10
2023-08-11,19623.6,19495.4,19650,19450,26.95,73.15,43.12,73.15,True,False,-1212.75,0.0,-1212.75,2023-08-17
2023-08-14,19557.75,19412.75,19600,19400,17.15,46.8,27.44,74.88,True,True,-771.75,-2106.0,-2877.75,2023-08-17
2023-08-16,19465.85,19257.9,19500,19250,27.9,5.45,27.9,8.72,False,True,0.0,-245.25,-245.25,2023-08-17
2023-08-17,19482.75,19317.2,19500,19300,0.15,0.2,0.24,0.32,True,True,-6.75,-9.0,-15.75,2023-08-17
2023-08-18,19461.55,19326.25,19500,19300,21.5,80.6,34.4,80.6,True,False,-967.5,0.0,-967.5,2023-08-24
2023-08-21,19373.8,19253.6,19400,19250,62.6,27.05,62.6,43.28,False,True,0.0,-1217.25,-1217.25,2023-08-24
2023-08-22,19425.95,19296.3,19450,19250,29.35,17.7,46.96,17.7,True,False,-1320.75,0.0,-1320.75,2023-08-24
2023-08-23,19443.5,19381.3,19450,19350,36.35,15.0,36.35,24.0,False,True,0.0,-675.0,-675.0,2023-08-24
2023-08-24,19472.05,19366.6,19500,19350,0.15,0.25,0.24,0.4,True,True,-6.75,-11.25,-18.0,2023-08-24
2023-08-25,19584.45,19369.0,19600,19350,9.6,145.85,15.36,145.85,True,False,-432.0,0.0,-432.0,2023-08-31
2023-08-28,19339.55,19229.7,19350,19200,58.7,29.3,58.7,46.88,False,True,0.0,-1318.5,-1318.5,2023-08-31
2023-08-29,19366.85,19249.7,19400,19200,28.85,13.55,46.16,21.68,True,True,-1298.25,-609.75,-1908.0,2023-08-31
2023-08-30,19377.9,19309.1,19400,19300,19.1,22.35,30.56,22.35,True,False,-859.5,0.0,-859.5,2023-08-31
2023-08-31,19452.8,19334.75,19500,19300,0.15,44.35,0.24,44.35,True,False,-6.75,0.0,-6.75,2023-08-31
2023-09-01,19388.2,19223.65,19400,19200,109.35,21.2,109.35,33.92,False,True,0.0,-954.0,-954.0,2023-09-07
2023-09-04,19458.55,19255.7,19500,19250,85.85,9.25,85.85,14.8,False,True,0.0,-416.25,-416.25,2023-09-07
2023-09-05,19545.15,19432.85,19550,19400,67.3,8.5,67.3,13.6,False,True,0.0,-382.5,-382.5,2023-09-07
2023-09-06,19587.05,19525.75,19600,19500,32.45,8.45,32.45,13.52,False,True,0.0,-380.25,-380.25,2023-09-07
2023-09-07,19636.45,19491.5,19650,19450,80.55,0.15,80.55,0.24,False,True,0.0,-6.75,-6.75,2023-09-07
2023-09-08,19737.0,19550.05,19750,19550,134.85,17.4,134.85,27.84,False,True,0.0,-783.0,-783.0,2023-09-14
2023-09-11,19867.15,19727.05,19900,19700,133.15,12.8,133.15,20.48,False,True,0.0,-576.0,-576.0,2023-09-14
2023-09-12,20008.15,19865.35,20050,19850,48.9,21.0,78.24,33.6,True,True,-2200.5,-945.0,-3145.5,2023-09-14
2023-09-13,20110.35,19914.65,20150,19900,21.55,9.0,34.48,14.4,True,True,-969.75,-405.0,-1374.75,2023-09-14
2023-09-14,20096.9,19944.1,20100,19900,4.6,0.1,7.36,0.16,True,True,-207.0,-4.5,-211.5,2023-09-14
2023-09-15,20167.65,20043.45,20200,20000,99.35,24.8,99.35,39.68,False,True,0.0,-1116.0,-1116.0,2023-09-21
2023-09-18,20222.45,20129.7,20250,20100,28.55,47.75,45.68,47.75,True,False,-1284.75,0.0,-1284.75,2023-09-21
2023-09-20,20195.35,20115.7,20200,20100,2.3,185.75,3.68,185.75,True,False,-103.5,0.0,-103.5,2023-09-21
2023-09-21,20050.65,19878.85,20100,19850,0.05,108.0,0.08,108.0,True,False,-2.25,0.0,-2.25,2023-09-21
2023-09-22,19848.75,19709.95,19850,19700,36.2,86.75,57.92,86.75,True,False,-1629.0,0.0,-1629.0,2023-09-28
2023-09-25,19798.65,19657.5,19800,19650,34.7,53.6,55.52,85.76,True,True,-1561.5,-2412.0,-3973.5,2023-09-28
2023-09-26,19734.15,19601.55,19750,19600,30.25,33.45,48.4,33.45,True,False,-1361.25,0.0,-1361.25,2023-09-28
2023-09-27,19699.35,19637.45,19700,19600,53.5,12.35,53.5,19.76,False,True,0.0,-555.75,-555.75,2023-09-28
2023-09-28,19730.7,19554.0,19750,19550,0.2,26.0,0.32,41.6,True,True,-9.0,-1170.0,-1179.0,2023-09-28
2023-09-29,19766.65,19492.1,19800,19450,27.7,24.2,44.32,38.72,True,True,-1246.5,-1089.0,-2335.5,2023-10-05
2023-10-03,19726.25,19551.05,19750,19550,9.1,74.05,14.56,74.05,True,False,-409.5,0.0,-409.5,2023-10-05
2023-10-04,19623.2,19479.65,19650,19450,2.4,54.0,3.84,86.4,True,True,-108.0,-2430.0,-2538.0,2023-10-05
2023-10-05,19457.8,19333.6,19500,19300,46.15,0.05,73.84,0.08,True,True,-2076.75,-2.25,-2079.0,2023-10-05
2023-10-06,19576.95,19487.3,19600,19450,123.75,24.5,123.75,39.2,False,True,0.0,-1102.5,-1102.5,2023-10-12
2023-10-09,19675.75,19589.4,19700,19550,22.85,99.85,36.56,99.85,True,False,-1028.25,0.0,-1028.25,2023-10-12
2023-10-10,19588.95,19480.5,19600,19450,145.85,16.1,145.85,25.76,False,True,0.0,-724.5,-724.5,2023-10-12
2023-10-11,19717.8,19565.45,19750,19550,94.65,3.75,94.65,6.0,False,True,0.0,-168.75,-168.75,2023-10-12
2023-10-12,19839.2,19756.95,19850,19750,0.15,0.25,0.24,0.4,True,True,-6.75,-11.25,-18.0,2023-10-12
2023-10-13,19843.3,19772.65,19850,19750,50.6,95.75,80.96,95.75,True,False,-2277.0,0.0,-2277.0,2023-10-19
2023-10-16,19805.4,19635.3,19850,19600,39.95,33.85,39.95,33.85,False,False,0.0,0.0,0.0,2023-10-19
2023-10-17,19781.3,19691.85,19800,19650,73.55,16.45,73.55,26.32,False,True,0.0,-740.25,-740.25,2023-10-19
2023-10-18,19849.75,19775.65,19850,19750,5.75,88.7,9.2,88.7,True,False,-258.75,0.0,-258.75,2023-10-19
2023-10-19,19840.95,19659.95,19850,19650,0.1,16.9,0.16,27.04,True,True,-4.5,-760.5,-765.0,2023-10-19
2023-10-20,19681.8,19512.35,19700,19500,32.85,82.35,32.85,82.35,False,False,0.0,0.0,0.0,2023-10-26
2023-10-23,19593.8,19518.7,19600,19500,9.45,244.15,15.12,244.15,True,False,-425.25,0.0,-425.25,2023-10-26
2023-10-25,19556.85,19257.85,19600,19250,2.3,138.1,3.68,138.1,True,False,-103.5,0.0,-103.5,2023-10-26
2023-10-26,19347.3,19074.15,19350,19050,0.15,193.7,0.24,193.7,True,False,-6.75,0.0,-6.75,2023-10-26
2023-10-27,19041.7,18837.85,19050,18800,115.85,31.55,115.85,50.48,False,True,0.0,-1419.75,-1419.75,2023-11-02
2023-10-30,19076.15,18926.65,19100,18900,124.7,20.0,124.7,32.0,False,True,0.0,-900.0,-900.0,2023-11-02
2023-10-31,19158.5,18940.0,19200,18900,36.05,18.9,57.68,18.9,True,False,-1622.25,0.0,-1622.25,2023-11-02
2023-11-01,19233.7,19056.45,19250,19050,2.8,94.6,4.48,94.6,True,False,-126.0,0.0,-126.0,2023-11-02
2023-11-02,19096.05,18973.7,19100,18950,34.3,0.1,54.88,0.16,True,True,-1543.5,-4.5,-1548.0,2023-11-02
2023-11-03,19175.25,19064.15,19200,19050,120.45,30.05,120.45,30.05,False,False,0.0,0.0,0.0,2023-11-09
2023-11-06,19276.25,19210.9,19300,19200,150.85,14.1,150.85,22.56,False,True,0.0,-634.5,-634.5,2023-11-09
2023-11-07,19423.0,19309.7,19450,19300,43.4,21.45,43.4,34.32,False,True,0.0,-965.25,-965.25,2023-11-09
2023-11-08,19423.5,19329.1,19450,19300,36.05,6.25,36.05,10.0,False,True,0.0,-281.25,-281.25,2023-11-09
2023-11-09,19464.4,19401.5,19500,19400,0.1,5.35,0.16,8.56,True,True,-4.5,-240.75,-245.25,2023-11-09
2023-11-10,19463.9,19378.35,19500,19350,55.1,47.1,55.1,75.36,False,True,0.0,-2119.5,-2119.5,2023-11-16
2023-11-13,19451.3,19329.45,19500,19300,41.35,15.3,66.16,24.48,True,True,-1860.75,-688.5,-2549.25,2023-11-16
2023-11-15,19494.4,19414.75,19500,19400,182.8,2.25,182.8,3.6,False,True,0.0,-101.25,-101.25,2023-11-16
2023-11-16,19693.2,19579.65,19700,19550,65.05,0.2,104.08,0.32,True,True,-2927.25,-9.0,-2936.25,2023-11-16
2023-11-17,19875.25,19627.0,19900,19600,48.2,34.15,48.2,34.15,False,False,0.0,0.0,0.0,2023-11-23
2023-11-20,19806.0,19667.45,19850,19650,33.3,51.55,53.28,51.55,True,False,-1498.5,0.0,-1498.5,2023-11-23
2023-11-21,19756.45,19670.5,19800,19650,65.0,15.75,104.0,25.2,True,True,-2925.0,-708.75,-3633.75,2023-11-23
2023-11-22,19829.1,19754.05,19850,19750,36.75,13.15,36.75,21.04,False,True,0.0,-591.75,-591.75,2023-11-23
2023-11-23,19825.55,19703.85,19850,19700,0.15,0.15,0.24,0.24,True,True,-6.75,-6.75,-13.5,2023-11-23
2023-11-24,19875.15,19786.75,19900,19750,45.0,47.7,72.0,47.7,True,False,-2025.0,0.0,-2025.0,2023-11-30
2023-11-28,19832.85,19768.85,19850,19750,113.55,13.05,113.55,20.88,False,True,0.0,-587.25,-587.25,2023-11-30
2023-11-29,19916.85,19800.0,19950,19800,189.2,4.15,189.2,6.64,False,True,0.0,-186.75,-186.75,2023-11-30
2023-11-30,20104.65,19956.3,20150,19950,1.75,0.25,2.8,0.4,True,True,-78.75,-11.25,-90.0,2023-11-30
2023-12-01,20158.7,20015.85,20200,20000,181.05,37.4,181.05,37.4,False,False,0.0,0.0,0.0,2023-12-07
2023-12-04,20291.55,20183.7,20300,20150,416.9,10.8,416.9,17.28,False,True,0.0,-486.0,-486.0,2023-12-07
2023-12-05,20702.65,20507.75,20750,20500,153.0,10.5,153.0,16.8,False,True,0.0,-472.5,-472.5,2023-12-07
2023-12-06,20864.05,20711.15,20900,20700,87.95,5.35,87.95,8.56,False,True,0.0,-240.75,-240.75,2023-12-07
2023-12-07,20961.95,20852.15,21000,20850,0.1,0.55,0.16,0.88,True,True,-4.5,-24.75,-29.25,2023-12-07
2023-12-08,20941.25,20850.8,20950,20850,137.9,43.25,137.9,69.2,False,True,0.0,-1946.25,-1946.25,2023-12-14
2023-12-11,21006.1,20862.7,21050,20850,76.8,31.85,76.8,50.96,False,True,0.0,-1433.25,-1433.25,2023-12-14
2023-12-12,21026.1,20923.7,21050,20900,40.75,61.1,65.2,61.1,True,False,-1833.75,0.0,-1833.75,2023-12-14
2023-12-13,21037.9,20867.15,21050,20850,11.8,21.65,18.88,34.64,True,True,-531.0,-974.25,-1505.25,2023-12-14
2023-12-14,20950.0,20769.5,20950,20750,223.55,0.1,223.55,0.16,False,True,0.0,-4.5,-4.5,2023-12-14
2023-12-15,21210.9,21074.45,21250,21050,299.45,22.5,299.45,22.5,False,False,0.0,0.0,0.0,2023-12-21
2023-12-18,21492.3,21235.3,21500,21200,65.4,32.35,104.64,32.35,True,False,-2943.0,0.0,-2943.0,2023-12-21
2023-12-19,21482.8,21365.35,21500,21350,55.0,32.45,88.0,51.92,True,True,-2475.0,-1460.25,-3935.25,2023-12-21
2023-12-20,21505.05,21337.75,21550,21300,4.05,159.4,6.48,159.4,True,False,-182.25,0.0,-182.25,2023-12-21
2023-12-21,21593.0,21087.35,21600,21050,0.1,0.25,0.16,0.4,True,True,-4.5,-11.25,-15.75,2023-12-21
2023-12-22,21288.35,20976.8,21300,20950,189.55,24.2,189.55,38.72,False,True,0.0,-1089.0,-1089.0,2023-12-28
2023-12-26,21390.5,21232.45,21400,21200,134.55,21.9,134.55,35.04,False,True,0.0,-985.5,-985.5,2023-12-28
2023-12-27,21477.15,21329.45,21500,21300,192.2,7.25,192.2,11.6,False,True,0.0,-326.25,-326.25,2023-12-28
2023-12-28,21675.75,21495.8,21700,21450,72.25,0.25,72.25,0.4,False,True,0.0,-11.25,-11.25,2023-12-28
2023-12-29,21801.45,21678.0,21850,21650,105.3,78.6,105.3,125.76,False,True,0.0,-3537.0,-3537.0,2024-01-04
2024-01-01,21770.3,21676.9,21800,21650,110.05,52.9,176.08,84.64,True,True,-4952.25,-2380.5,-7332.75,2024-01-04
2024-01-02,21834.35,21680.85,21850,21650,23.1,80.65,36.96,129.04,True,True,-1039.5,-3629.25,-4668.75,2024-01-04
2024-01-03,21755.6,21555.65,21800,21550,2.9,80.7,4.64,80.7,True,False,-130.5,0.0,-130.5,2024-01-04
2024-01-04,21677.0,21500.35,21700,21500,0.2,0.1,0.32,0.16,True,True,-9.0,-4.5,-13.5,2024-01-04
2024-01-05,21685.65,21564.55,21700,21550,129.4,44.05,129.4,70.48,False,True,0.0,-1982.25,-1982.25,2024-01-11
2024-01-08,21749.6,21629.2,21750,21600,29.6,140.4,47.36,140.4,True,False,-1332.0,0.0,-1332.0,2024-01-11
2024-01-09,21763.95,21492.9,21800,21450,13.0,44.65,20.8,44.65,True,False,-585.0,0.0,-585.0,2024-01-11
2024-01-10,21724.45,21517.85,21750,21500,19.9,14.9,19.9,23.84,False,True,0.0,-670.5,-670.5,2024-01-11
2024-01-11,21641.85,21448.65,21650,21400,1.75,0.15,2.8,0.24,True,True,-78.75,-6.75,-85.5,2024-01-11
2024-01-12,21726.5,21593.75,21750,21550,243.2,33.35,243.2,53.36,False,True,0.0,-1500.75,-1500.75,2024-01-18
2024-01-15,21928.25,21715.15,21950,21700,219.45,21.3,219.45,34.08,False,True,0.0,-958.5,-958.5,2024-01-18
2024-01-16,22115.55,21963.55,22150,21950,40.75,57.7,65.2,92.32,True,True,-1833.75,-2596.5,-4430.25,2024-01-18
2024-01-17,22124.15,21969.8,22150,21950,2.55,389.2,4.08,389.2,True,False,-114.75,0.0,-114.75,2024-01-18
2024-01-18,21851.5,21550.45,21900,21550,0.1,93.2,0.16,149.12,True,True,-4.5,-4194.0,-4198.5,2024-01-18
2024-01-19,21539.4,21285.55,21550,21250,217.15,30.6,217.15,48.96,False,True,0.0,-1377.0,-1377.0,2024-01-25
2024-01-23,21670.6,21575.0,21700,21550,12.7,380.05,20.32,380.05,True,False,-571.5,0.0,-571.5,2024-01-25
2024-01-24,21750.25,21192.6,21800,21150,4.45,10.75,7.12,17.2,True,True,-200.25,-483.75,-684.0,2024-01-25
2024-01-25,21482.35,21137.2,21500,21100,0.25,0.15,0.4,0.24,True,True,-11.25,-6.75,-18.0,2024-01-25
2024-01-29,21459.0,21247.05,21500,21200,348.05,28.9,348.05,46.24,False,True,0.0,-1300.5,-1300.5,2024-02-01
2024-01-30,21763.25,21429.6,21800,21400,52.95,91.7,84.72,91.7,True,False,-2382.75,0.0,-2382.75,2024-02-01
2024-01-31,21813.05,21501.8,21850,21500,79.95,44.9,79.95,71.84,False,True,0.0,-2020.5,-2020.5,2024-02-01
2024-02-01,21741.35,21448.85,21750,21400,1.1,0.15,1.76,0.24,True,True,-49.5,-6.75,-56.25,2024-02-01
2024-02-02,21832.95,21658.75,21850,21650,173.4,69.65,277.44,69.65,True,False,-7803.0,0.0,-7803.0,2024-02-08
2024-02-05,22126.8,21805.55,22150,21800,27.05,174.95,43.28,174.95,True,False,-1217.25,0.0,-1217.25,2024-02-08
2024-02-06,21964.3,21726.95,22000,21700,84.35,44.05,84.35,70.48,False,True,0.0,-1982.25,-1982.25,2024-02-08
2024-02-07,21951.4,21737.55,22000,21700,54.45,11.15,87.12,17.84,True,True,-2450.25,-501.75,-2952.0,2024-02-08
2024-02-08,22053.3,21860.15,22100,21850,0.1,149.1,0.16,149.1,True,False,-4.5,0.0,-4.5,2024-02-08
2024-02-09,22011.05,21665.3,22050,21650,54.65,96.65,54.65,154.64,False,True,0.0,-4349.25,-4349.25,2024-02-15
2024-02-12,21804.45,21629.9,21850,21600,55.85,126.45,89.36,126.45,True,False,-2513.25,0.0,-2513.25,2024-02-15
2024-02-13,21831.7,21574.75,21850,21550,66.05,43.45,66.05,69.52,False,True,0.0,-1955.25,-1955.25,2024-02-15
2024-02-14,21766.8,21543.35,21800,21500,124.2,8.2,124.2,13.12,False,True,0.0,-369.0,-369.0,2024-02-15
2024-02-15,21870.85,21530.2,21900,21500,9.65,0.1,15.44,0.16,True,True,-434.25,-4.5,-438.75,2024-02-15
2024-02-16,21953.85,21794.8,22000,21750,183.1,54.1,183.1,54.1,False,False,0.0,0.0,0.0,2024-02-22
2024-02-19,22068.65,21968.95,22100,21950,146.45,70.25,146.45,112.4,False,True,0.0,-3161.25,-3161.25,2024-02-22
2024-02-20,22186.65,22021.05,22200,22000,103.35,47.1,103.35,75.36,False,True,0.0,-2119.5,-2119.5,2024-02-22
2024-02-21,22215.6,22045.85,22250,22000,13.15,68.5,21.04,68.5,True,False,-591.75,0.0,-591.75,2024-02-22
2024-02-22,22249.4,21997.95,22250,21950,0.9,0.25,1.44,0.4,True,True,-40.5,-11.25,-51.75,2024-02-22
2024-02-23,22252.5,21875.25,22300,21850,114.35,37.05,114.35,37.05,False,False,0.0,0.0,0.0,2024-02-29
2024-02-26,22297.5,22186.1,22300,22150,66.25,135.9,106.0,135.9,True,False,-2981.25,0.0,-2981.25,2024-02-29
2024-02-27,22202.15,22075.15,22250,22050,84.25,52.0,84.25,83.2,False,True,0.0,-2340.0,-2340.0,2024-02-29
2024-02-28,22218.25,22085.65,22250,22050,11.6,165.0,18.56,165.0,True,False,-522.0,0.0,-522.0,2024-02-29
2024-02-29,22229.15,21915.85,22250,21900,0.2,4.2,0.32,6.72,True,True,-9.0,-189.0,-198.0,2024-02-29
2024-03-01,22060.55,21860.65,22100,21850,330.5,32.7,330.5,52.32,False,True,0.0,-1471.5,-1471.5,2024-03-07
2024-03-04,22353.3,22047.75,22400,22000,121.85,24.85,121.85,24.85,False,False,0.0,0.0,0.0,2024-03-07
2024-03-05,22440.9,22358.3,22450,22350,50.45,93.35,80.72,149.36,True,True,-2270.25,-4200.75,-6471.0,2024-03-07
2024-03-06,22416.9,22269.15,22450,22250,100.2,12.7,100.2,20.32,False,True,0.0,-571.5,-571.5,2024-03-07
2024-03-07,22497.2,22224.35,22500,22200,3.15,0.1,5.04,0.16,True,True,-141.75,-4.5,-146.25,2024-03-07
2024-03-11,22525.65,22430.0,22550,22400,45.45,134.2,72.72,134.2,True,False,-2045.25,0.0,-2045.25,2024-03-14
2024-03-12,22526.6,22307.25,22550,22300,34.35,66.45,54.96,66.45,True,False,-1545.75,0.0,-1545.75,2024-03-14
2024-03-13,22452.55,22256.0,22500,22250,4.0,293.9,6.4,293.9,True,False,-180.0,0.0,-180.0,2024-03-14
2024-03-14,22446.75,21905.65,22450,21900,0.1,0.15,0.16,0.24,True,True,-4.5,-6.75,-11.25,2024-03-14
2024-03-15,22204.6,21917.5,22250,21900,66.9,75.9,107.04,121.44,True,True,-3010.5,-3415.5,-6426.0,2024-03-21
2024-03-18,22120.9,21931.7,22150,21900,84.25,59.4,84.25,95.04,False,True,0.0,-2673.0,-2673.0,2024-03-21
2024-03-19,22123.7,21916.55,22150,21900,16.25,144.85,26.0,144.85,True,False,-731.25,0.0,-731.25,2024-03-21
2024-03-20,21978.3,21793.1,22000,21750,21.7,37.4,34.72,59.84,True,True,-976.5,-1683.0,-2659.5,2024-03-21
2024-03-21,21930.9,21710.2,21950,21700,55.25,0.1,88.4,0.16,True,True,-2486.25,-4.5,-2490.75,2024-03-21
2024-03-22,22080.95,21941.3,22100,21900,156.0,40.35,156.0,64.56,False,True,0.0,-1815.75,-1815.75,2024-03-28
2024-03-26,22180.7,21883.3,22200,21850,43.95,27.8,70.32,44.48,True,True,-1977.75,-1251.0,-3228.75,2024-03-28
2024-03-27,22073.2,21947.55,22100,21900,98.4,6.3,98.4,10.08,False,True,0.0,-283.5,-283.5,2024-03-28
2024-03-28,22193.6,22052.85,22200,22050,116.55,0.95,186.48,1.52,True,True,-5244.75,-42.75,-5287.5,2024-03-28
2024-04-01,22516.0,22163.6,22550,22150,76.8,17.85,122.88,28.56,True,True,-3456.0,-803.25,-4259.25,2024-04-04
2024-04-02,22529.95,22427.75,22550,22400,46.6,60.5,74.56,96.8,True,True,-2097.0,-2722.5,-4819.5,2024-04-04
2024-04-03,22497.6,22388.15,22500,22350,33.3,28.95,53.28,46.32,True,True,-1498.5,-1302.75,-2801.25,2024-04-04
2024-04-04,22521.1,22346.5,22550,22300,1.15,0.45,1.84,0.72,True,True,-51.75,-20.25,-72.0,2024-04-04
2024-04-05,22619.0,22303.8,22650,22300,63.3,41.65,63.3,66.64,False,True,0.0,-1874.25,-1874.25,2024-04-10
2024-04-08,22537.6,22427.6,22550,22400,175.05,21.5,175.05,34.4,False,True,0.0,-967.5,-967.5,2024-04-10
2024-04-09,22697.3,22550.35,22700,22550,42.25,27.65,67.6,27.65,True,False,-1901.25,0.0,-1901.25,2024-04-10
2024-04-10,22768.4,22612.25,22800,22600,0.4,0.25,0.64,0.4,True,True,-18.0,-11.25,-29.25,2024-04-10
2024-04-12,22775.7,22673.7,22800,22650,34.4,162.6,55.04,162.6,True,False,-1548.0,0.0,-1548.0,2024-04-18
2024-04-15,22726.45,22503.75,22750,22500,7.2,217.3,11.52,217.3,True,False,-324.0,0.0,-324.0,2024-04-18
2024-04-16,22427.45,22259.55,22450,22250,5.95,128.85,9.52,128.85,True,False,-267.75,0.0,-267.75,2024-04-18
2024-04-18,22213.75,22079.45,22250,22050,0.3,53.75,0.48,86.0,True,True,-13.5,-2418.75,-2432.25,2024-04-18
2024-04-19,22326.5,21961.7,22350,21950,60.9,95.4,60.9,152.64,False,True,0.0,-4293.0,-4293.0,2024-04-25
2024-04-22,22179.55,21777.65,22200,21750,214.8,11.65,214.8,18.64,False,True,0.0,-524.25,-524.25,2024-04-25
2024-04-23,22375.65,22198.15,22400,22150,74.85,24.55,119.76,39.28,True,True,-3368.25,-1104.75,-4473.0,2024-04-25
2024-04-24,22447.55,22349.45,22450,22300,41.7,23.25,66.72,37.2,True,True,-1876.5,-1046.25,-2922.75,2024-04-25
2024-04-25,22476.45,22384.0,22500,22350,86.3,0.6,138.08,0.96,True,True,-3883.5,-27.0,-3910.5,2024-04-25
2024-04-26,22625.95,22305.25,22650,22300,63.0,60.75,100.8,60.75,True,False,-2835.0,0.0,-2835.0,2024-05-02
2024-04-29,22620.4,22385.55,22650,22350,111.0,24.6,111.0,39.36,False,True,0.0,-1107.0,-1107.0,2024-05-02
2024-04-30,22655.8,22441.9,22700,22400,57.55,18.15,92.08,18.15,True,False,-2589.75,0.0,-2589.75,2024-05-02
2024-05-02,22783.35,22568.4,22800,22550,0.15,0.3,0.24,0.48,True,True,-6.75,-13.5,-20.25,2024-05-02
2024-05-03,22710.5,22567.85,22750,22550,54.75,158.2,87.6,158.2,True,False,-2463.75,0.0,-2463.75,2024-05-09
2024-05-06,22794.7,22348.05,22800,22300,24.5,60.4,39.2,60.4,True,False,-1102.5,0.0,-1102.5,2024-05-09
2024-05-07,22588.8,22409.45,22600,22400,23.5,161.7,37.6,161.7,True,False,-1057.5,0.0,-1057.5,2024-05-09
2024-05-08,22499.05,22232.05,22500,22200,14.95,32.35,23.92,51.76,True,True,-672.75,-1455.75,-2128.5,2024-05-09
2024-05-09,22368.65,22185.2,22400,22150,0.15,182.15,0.24,182.15,True,False,-6.75,0.0,-6.75,2024-05-09
2024-05-10,22307.75,21932.4,22350,21900,45.5,81.3,72.8,81.3,True,False,-2047.5,0.0,-2047.5,2024-05-16
2024-05-13,22131.3,21950.3,22150,21950,102.9,57.7,102.9,92.32,False,True,0.0,-2596.5,-2596.5,2024-05-16
2024-05-14,22131.65,21821.05,22150,21800,142.55,10.15,142.55,16.24,False,True,0.0,-456.75,-456.75,2024-05-16
2024-05-15,22270.05,22081.25,22300,22050,34.3,19.9,54.88,31.84,True,True,-1543.5,-895.5,-2439.0,2024-05-16
2024-05-16,22297.55,22151.75,22300,22150,97.95,0.7,97.95,1.12,False,True,0.0,-31.5,-31.5,2024-05-16
2024-05-17,22432.25,22054.55,22450,22050,139.35,27.65,139.35,44.24,False,True,0.0,-1244.25,-1244.25,2024-05-23
2024-05-21,22502.15,22345.65,22550,22300,94.45,31.85,94.45,50.96,False,True,0.0,-1433.25,-1433.25,2024-05-23
2024-05-22,22591.1,22404.55,22600,22400,75.55,18.15,75.55,29.04,False,True,0.0,-816.75,-816.75,2024-05-23
2024-05-23,22629.5,22483.15,22650,22450,310.45,0.25,310.45,0.4,False,True,0.0,-11.25,-11.25,2024-05-23
2024-05-24,22993.6,22577.45,23000,22550,163.1,31.6,163.1,50.56,False,True,0.0,-1422.0,-1422.0,2024-05-30
2024-05-27,23026.4,22908.0,23050,22900,101.95,99.05,163.12,99.05,True,False,-4587.75,0.0,-4587.75,2024-05-30
2024-05-28,23110.8,22871.2,23150,22850,33.8,75.3,54.08,75.3,True,False,-1521.0,0.0,-1521.0,2024-05-30
2024-05-29,22998.55,22858.5,23000,22850,12.15,146.8,19.44,146.8,True,False,-546.75,0.0,-546.75,2024-05-30
2024-05-30,22825.5,22685.45,22850,22650,0.2,169.55,0.32,169.55,True,False,-9.0,0.0,-9.0,2024-05-30
2024-05-31,22705.75,22417.0,22750,22400,350.25,342.15,350.25,342.15,False,False,0.0,0.0,0.0,2024-06-06
2024-06-03,22653.75,22465.1,22700,22450,699.55,83.1,699.55,83.1,False,False,0.0,0.0,0.0,2024-06-06
2024-06-04,23338.7,23062.3,23350,23050,52.3,1277.4,83.68,1277.4,True,False,-2353.5,0.0,-2353.5,2024-06-06
2024-06-05,23179.5,21281.45,23200,21250,17.25,4.5,27.6,7.2,True,True,-776.25,-202.5,-978.75,2024-06-06
2024-06-06,22670.4,21791.95,22700,21750,105.35,0.05,168.56,0.08,True,True,-4740.75,-2.25,-4743.0,2024-06-06
2024-06-07,22910.15,22642.6,22950,22600,444.1,42.35,444.1,67.76,False,True,0.0,-1905.75,-1905.75,2024-06-13
2024-06-10,23320.2,22789.05,23350,22750,114.75,35.1,183.6,56.16,True,True,-5163.75,-1579.5,-6743.25,2024-06-13
2024-06-11,23411.9,23227.15,23450,23200,46.5,84.35,74.4,134.96,True,True,-2092.5,-3795.75,-5888.25,2024-06-13
2024-06-12,23389.45,23206.65,23400,23200,52.0,38.8,83.2,62.08,True,True,-2340.0,-1746.0,-4086.0,2024-06-13
2024-06-13,23441.95,23295.95,23450,23250,0.25,0.2,0.4,0.32,True,True,-11.25,-9.0,-20.25,2024-06-13
2024-06-14,23481.05,23353.9,23500,23350,99.6,71.35,99.6,114.16,False,True,0.0,-3210.75,-3210.75,2024-06-20
2024-06-18,23490.4,23334.25,23500,23300,118.3,19.25,118.3,30.8,False,True,0.0,-866.25,-866.25,2024-06-20
2024-06-19,23579.05,23499.7,23600,23450,39.0,51.85,62.4,82.96,True,True,-1755.0,-2333.25,-4088.25,2024-06-20
2024-06-20,23664.0,23412.9,23700,23400,0.2,0.2,0.32,0.32,True,True,-9.0,-9.0,-18.0,2024-06-20
2024-06-21,23624.0,23442.6,23650,23400,65.5,91.8,104.8,91.8,True,False,-2947.5,0.0,-2947.5,2024-06-27
2024-06-24,23667.1,23398.2,23700,23350,51.05,52.05,51.05,83.28,False,True,0.0,-2342.25,-2342.25,2024-06-27
2024-06-25,23558.1,23350.0,23600,23350,185.25,20.35,185.25,32.56,False,True,0.0,-915.75,-915.75,2024-06-27
2024-06-26,23754.15,23562.05,23800,23550,115.5,7.9,115.5,12.64,False,True,0.0,-355.5,-355.5,2024-06-27
2024-06-27,23889.9,23670.45,23900,23650,135.15,0.2,135.15,0.32,False,True,0.0,-9.0,-9.0,2024-06-27
2024-06-28,24087.45,23805.4,24100,23800,134.0,57.4,214.4,57.4,True,False,-6030.0,0.0,-6030.0,2024-07-04
2024-07-01,24174.0,23985.8,24200,23950,97.9,56.65,97.9,90.64,False,True,0.0,-2549.25,-2549.25,2024-07-04
2024-07-02,24164.0,23992.7,24200,23950,76.25,40.15,122.0,64.24,True,True,-3431.25,-1806.75,-5238.0,2024-07-04
2024-07-03,24236.35,24056.4,24250,24050,92.45,13.3,92.45,21.28,False,True,0.0,-598.5,-598.5,2024-07-04
2024-07-04,24309.15,24207.1,24350,24200,0.2,0.2,0.32,0.32,True,True,-9.0,-9.0,-18.0,2024-07-04
2024-07-05,24401.0,24281.0,24450,24250,71.0,85.1,71.0,136.16,False,True,0.0,-3829.5,-3829.5,2024-07-11
